areaName,Borough,areaType,2010-01,2010-02,2010-03,2010-04,2010-05,2010-06,2010-07,2010-08,2010-09,2010-10,2010-11,2010-12,2011-01,2011-02,2011-03,2011-04,2011-05,2011-06,2011-07,2011-08,2011-09,2011-10,2011-11,2011-12,2012-01,2012-02,2012-03,2012-04,2012-05,2012-06,2012-07,2012-08,2012-09,2012-10,2012-11,2012-12,2013-01,2013-02,2013-03,2013-04,2013-05,2013-06,2013-07,2013-08,2013-09,2013-10,2013-11,2013-12,2014-01,2014-02,2014-03,2014-04,2014-05,2014-06,2014-07,2014-08,2014-09,2014-10,2014-11,2014-12,2015-01,2015-02,2015-03,2015-04,2015-05,2015-06,2015-07,2015-08,2015-09,2015-10,2015-11,2015-12,2016-01,2016-02,2016-03,2016-04,2016-05,2016-06,2016-07,2016-08,2016-09,2016-10,2016-11,2016-12,2017-01,2017-02,2017-03,2017-04,2017-05,2017-06,2017-07,2017-08,2017-09,2017-10,2017-11,2017-12,2018-01,2018-02,2018-03,2018-04,2018-05,2018-06,2018-07,2018-08,2018-09,2018-10
All Downtown,Manhattan,submarket,121.0,116.5,114.0,73.0,74.5,70.0,68.0,89.5,77.0,104.0,93.0,90.0,116.0,126.0,102.0,77.0,67.5,88.0,76.5,94.5,96.0,91.5,69.0,86.0,111.5,115.5,76.0,70.0,68.0,64.0,76.5,77.0,75.0,59.5,68.0,75.0,96.5,58.5,41.0,41.0,42.0,47.5,48.0,51.0,60.0,46.0,54.0,58.0,85.5,43.5,40.0,35.0,39.0,42.0,43.5,45.0,57.0,41.0,56.0,67.0,76.0,56.0,41.0,45.0,36.0,50.0,54.0,50.5,50.0,42.0,51.0,61.0,88.5,66.5,48.0,50.0,46.0,56.0,62.5,77.0,86.0,64.0,65.0,69.5,103.0,83.0,61.0,57.5,63.0,68.5,95.0,88.0,96.5,76.0,70.5,90.0,92.0,86.0,102.0,65.0,49.0,60.0,73.5,98.0,100.0,82.5
All Midtown,Manhattan,submarket,120.0,143.0,111.0,100.0,105.0,100.0,115.5,123.0,119.5,96.5,113.5,128.5,135.0,134.0,160.0,85.0,92.0,96.0,122.0,133.0,114.0,118.0,112.0,134.5,138.0,150.0,134.0,89.0,90.0,85.0,108.0,94.0,125.0,103.0,109.0,110.0,90.0,95.5,84.0,62.5,63.0,59.0,60.0,61.0,66.0,50.0,56.0,61.5,86.0,78.0,47.0,44.0,43.0,49.0,66.0,65.5,64.0,54.0,56.0,64.5,91.0,67.0,50.0,44.0,45.0,54.0,55.0,77.0,84.0,55.0,60.5,70.0,89.0,65.0,49.0,49.5,54.5,63.0,70.0,70.5,61.0,71.5,61.5,89.0,104.0,96.0,71.0,59.0,70.0,78.0,84.0,105.0,110.0,66.0,77.0,102.5,104.0,90.5,55.0,64.0,67.0,87.0,81.0,98.0,104.5,107.0
All Upper East Side,Manhattan,submarket,105.5,120.5,111.0,74.0,89.0,87.0,114.0,101.5,117.0,121.5,99.0,109.0,122.0,125.0,135.5,107.0,98.0,100.0,106.5,109.5,117.0,109.0,125.0,116.0,129.0,122.0,111.0,99.5,97.5,88.0,122.0,115.5,96.5,87.0,94.0,90.0,94.0,85.0,55.0,56.5,63.0,72.0,68.0,61.0,63.0,51.0,58.0,58.5,87.0,68.0,48.0,43.0,51.5,57.0,65.0,68.5,81.0,54.0,48.5,64.5,97.0,73.0,47.5,45.5,42.0,49.0,58.0,62.0,77.0,56.0,46.0,75.5,88.0,77.0,51.0,43.0,51.0,53.0,66.0,71.5,67.0,59.0,60.5,71.0,102.0,70.0,72.5,59.5,49.0,73.5,85.5,81.0,87.0,74.0,64.0,93.0,107.0,97.5,57.5,64.0,63.0,71.0,94.5,104.0,117.0,109.5
All Upper Manhattan,Manhattan,submarket,137.5,182.0,182.0,105.0,100.0,174.0,95.0,111.0,145.5,117.0,119.0,138.0,237.0,155.0,187.0,140.0,118.5,169.0,132.0,178.5,193.0,172.0,143.0,120.0,168.5,233.5,152.0,175.0,97.0,100.0,121.5,124.0,133.5,93.0,118.0,127.5,122.5,145.0,91.0,78.5,109.0,66.0,77.5,50.0,77.5,72.5,63.0,76.5,90.0,63.0,45.0,45.0,42.5,47.5,61.5,68.0,50.0,58.0,67.0,68.5,97.5,61.5,48.0,41.0,38.5,57.0,41.5,61.0,51.5,52.0,47.0,66.0,100.5,63.0,52.0,43.0,43.0,44.0,60.0,71.0,73.0,55.0,72.5,79.0,88.0,93.0,63.0,73.0,62.5,63.5,85.0,74.0,81.0,71.0,70.0,72.0,101.5,97.0,80.0,57.0,43.0,73.0,70.0,72.5,100.0,127.5
All Upper West Side,Manhattan,submarket,77.0,84.0,63.0,64.0,64.0,76.0,82.5,91.0,94.5,89.0,61.5,85.5,107.5,101.0,70.0,62.0,77.0,85.0,91.0,101.5,114.5,91.0,71.0,105.0,107.5,107.0,67.0,67.0,67.0,71.0,77.0,67.5,110.0,52.0,69.0,64.0,74.0,43.0,40.5,37.5,40.0,43.0,49.0,54.0,61.0,37.0,54.0,58.5,68.5,32.5,34.0,35.0,40.5,43.5,52.5,55.0,69.0,36.0,52.0,62.0,62.0,43.5,38.0,34.0,31.0,47.0,41.0,54.0,51.5,36.0,46.0,60.0,84.0,49.5,49.0,38.0,38.0,50.0,52.0,68.0,69.0,48.0,57.0,75.0,86.0,62.0,47.0,49.0,43.0,56.0,67.0,79.5,105.0,66.0,60.0,89.5,92.0,84.5,57.0,48.0,51.0,63.0,69.0,108.5,125.0,81.0
Alley Park,Queens,neighborhood,,,,,,,,,,,,,,,,,,,,,,,,,,,,,,,,,,,,,,,,,,,,,,,,,,,,,,,,,,,,,,,,,,,,,,,,,,,,,,,,,,,,,,,,,,,,,,,,,,,,,,,,,,
Astoria,Queens,neighborhood,,,,,,,271.0,,,,,,,,,,,,,,,,,,184.0,,,,72.5,,,,102.0,,42.5,,,,,,,,,,,,24.0,36.0,,34.0,,77.5,,63.5,44.0,50.0,51.0,61.0,,274.0,,128.0,,55.0,46.0,51.5,,41.5,40.0,38.0,67.5,73.0,,88.0,,30.0,,56.0,,52.0,54.0,58.5,49.0,54.0,,105.0,41.5,44.0,44.0,31.0,50.0,61.5,,68.0,66.0,52.0,90.0,29.0,52.0,60.0,62.0,49.5,94.0,54.5,72.5,57.0
Auburndale,Queens,neighborhood,,,,,,,,,,,,,,,,,,,,,,,,,,,,,,,,,,,,,,,,,,,,,,,,,,,,,,,,,,,,,,,,,,,,,,,,,,,,,,,,,,,,,,,,,,,,,,,,,,,,,,,,,,
Bath Beach,Brooklyn,neighborhood,,,,,,,,,,,,,,,,,,,,,,,,,,,,,,,,,,,,,,,,,,,,,,,,,,,,,,,,,,,,,,,,,,,,,,,,,,,,,,,,,,,,,,,,,,,,,,,,,,,,,,,,,,63.0
Battery Park City,Manhattan,neighborhood,,,,,,,,7.0,27.0,,106.5,,,152.0,208.0,143.0,178.0,182.5,,212.0,,,,,,,368.5,281.0,304.0,,84.0,79.0,100.0,85.5,132.0,70.5,,149.5,84.5,84.5,37.0,57.0,54.0,42.0,63.0,75.5,70.0,47.0,,44.0,55.0,37.5,54.0,64.5,68.0,49.0,55.0,,,,74.0,3.0,33.5,28.0,42.0,59.5,58.5,43.0,36.0,84.0,51.0,55.0,,75.5,37.0,36.0,54.0,113.5,78.5,118.0,65.5,74.5,48.0,54.0,,53.0,53.0,56.0,107.0,59.0,,70.0,,104.0,72.0,,,30.0,55.5,,,76.0,,,,135.0
Bay Ridge,Brooklyn,neighborhood,,,,,,,,,,,,,,,,,,,,,,,,,,,,,,,,,,,,,,,,83.5,,68.5,,,,,65.5,135.5,,62.0,63.5,,86.0,41.0,99.0,,64.0,77.5,55.0,,124.0,123.5,41.0,40.0,49.5,34.5,60.0,67.5,53.5,36.0,47.5,51.0,,,98.5,49.0,42.5,53.0,44.0,44.0,96.0,42.0,41.0,77.0,93.0,69.5,49.0,61.0,38.5,57.0,84.0,80.5,50.5,61.0,71.0,133.0,81.0,82.0,70.0,120.0,68.0,75.5,74.0,83.0,90.0,63.0
Baychester,Bronx,neighborhood,,,,,,,,,,,,,,,,,,,,,,,,,,,,,,,,,,,,,,,,,,,,,,,,,,,,,,,,,,,,,,,,,,,,,,,,,,,,,,,,,,,,,,,,,,,,,,,,,,,,,,,,,,
Bayside,Queens,neighborhood,,,,,,,,,,,,,,,,,,,,,,,,,,,,,,,,,,,,,,,,,,,,,,,,,,,,,,,,,,,,,,,,,36.0,,,,,,,,,,,,,,,,,,,73.5,,,,,,,122.0,,,,60.0,67.0,104.5,53.0,,,46.0,,,,,
Bedford Park,Bronx,neighborhood,,,,,,,,,,,,,,,,,,,,,,,,,,,,,,,,,,,,,,,,,,,,,,,,,,,,,,,,,,,,,,,,,,,,,,,,,,,,,,,,,,,,,,,,,,,,,,,,,,,,,,,,,,
Bedford-Stuyvesant,Brooklyn,neighborhood,,123.0,97.0,113.0,,,,,35.0,63.0,72.0,69.0,140.0,63.5,110.0,132.0,94.0,74.0,47.0,99.0,287.0,140.0,,,108.0,127.0,26.0,90.5,69.0,113.0,,,43.0,59.0,49.5,89.0,76.0,37.0,32.0,39.0,56.0,40.5,37.0,56.5,38.0,61.0,43.0,68.0,63.0,67.5,55.0,52.5,54.0,56.0,39.0,47.0,71.5,54.0,58.5,47.0,71.0,82.0,49.0,75.0,58.0,56.0,83.0,47.0,61.0,42.0,53.0,51.0,84.0,93.0,63.5,78.0,51.5,44.0,57.0,73.5,74.0,49.5,69.0,106.0,82.5,116.0,74.5,43.0,69.0,45.0,70.0,64.0,68.0,85.0,68.5,73.0,114.0,112.0,84.5,39.5,48.0,55.0,85.0,74.5,99.0,81.0
Bellerose,Queens,neighborhood,,,,,,,,,,,,,,,,,,,,,,,,,,,,,,,,,,,,,,,,,,,,,,,,,,,,,,,,,,,,,,,,,,,,,,,,,,,,,,,,,,,,,,,,,,,,,,,,,,,,,,,,,,
Belmont,Bronx,neighborhood,,,,,,,,,,,,,,,,,,,,,,,,,,,,,,,,,,,,,,,,,,,,,,,,,,,,,,,,,,,,,,,,,,,,,,,,,,,,,,,,,,,,,,,,,,,,,,,,,,,,,,,,,,
Bensonhurst,Brooklyn,neighborhood,,,,,,,,,,,,,,,,,,,,,,,,,,,,,,,,,,,,,,,,,,,,,,,,,,,,,,,,,,,,,,,,,,,,,,,,,,,,,,,,,,,,,,,,,,,,,,,,,,,,,54.5,,74.5,,,96.0
Bergen Beach,Brooklyn,neighborhood,,,,,,,,,,,,,,,,,,,,,,,,,,,,,,,,,,,,,,,,,,,,,,,,,,,,,,,,,,,,,,,,,,,,,,,,,,,,,,,,,,,,,,,,,,,,,,,,,,,,,,,,,,
Boerum Hill,Brooklyn,neighborhood,,,,,,,,,,,,,,,,,,,,,,,,,,,,,,,,,,,,,,,,,,,,,,49.0,,,,,,,21.0,39.0,,,,,,21.5,,,40.5,37.5,35.0,,,,,27.5,32.0,,78.5,,38.5,,43.0,44.0,,,,,,,,,59.0,116.0,124.0,,,,,,190.0,423.0,,,29.0,,,47.5,,,,
Borough Park,Brooklyn,neighborhood,,,,,,,,,,,,,,,,,,,,,,,,,,,,,,,,,,,,,,,,,,,,,,,,,,,,,,,,,,,,,,,,,,,,,,,,,,,,,,,,,,,,,,,,,,,,,,,,,,,,,,,,,,
Bowne Park,Queens,neighborhood,,,,,,,,,,,,,,,,,,,,,,,,,,,,,,,,,,,,,,,,,,,,,,,,,,,,,,,,,,,,,,,,,,,,,,,,,,,,,,,,,,,,,,,,,,,,,,,,,,,,,,,,,,
Briarwood,Queens,neighborhood,,,,,,,,,,,,,,,,,,,,,,,,,,,,,,,,,,,,,,,,,,,,,,,,,,,,,,,,,,,,,,,,,,,,,,,,,,,,,,,,,,,,,,,,,,,47.0,26.5,,,82.0,,,,,,168.0,,,,,
Brighton Beach,Brooklyn,neighborhood,,,,,,,,,,,,,,,,,,,,,,,,,,,,,,,,,,,,,,,,,,,,,,,,,,,,,,,,,,,,,,,,,,,,,,,,,,,,,,,,,,,,,,,,,,,,,,,,,,,,,,,92.0,,,107.5
Bronx,Bronx,borough,,87.0,110.0,90.5,116.5,211.0,87.0,132.0,109.0,140.0,114.0,131.0,123.0,,157.0,159.0,,135.5,98.5,93.0,,,169.0,,123.0,,143.0,176.5,204.0,128.5,134.0,129.0,113.0,169.5,125.0,133.5,175.0,67.0,109.0,204.0,198.5,164.0,149.0,130.0,164.5,139.0,194.0,127.5,143.5,111.0,119.5,162.0,148.0,153.0,181.0,115.0,101.0,70.0,79.5,85.5,114.0,128.0,96.0,90.0,103.0,81.0,115.0,99.0,92.0,81.5,87.0,105.0,139.0,125.0,77.0,67.0,76.5,112.0,79.0,129.0,57.5,112.0,100.5,72.5,108.5,99.0,77.0,67.5,62.0,62.5,89.5,75.0,90.5,112.0,88.0,56.0,110.0,106.0,63.0,61.5,50.0,76.0,63.0,62.0,83.5,69.0
Bronxwood,Bronx,neighborhood,,,,,,,,,,,,,,,,,,,,,,,,,,,,,,,,,,,,,,,,,,,,,,,,,,,,,,,,,,,,,,,,,,,,,,,,,,,,,,,,,,,,,,,,,,,,,,,,,,,,,,,,,,
Brooklyn,Brooklyn,borough,94.0,122.0,109.0,90.0,62.5,87.0,92.5,106.0,105.0,76.0,81.0,83.0,125.0,116.0,120.0,95.0,77.0,84.0,84.0,97.0,135.5,74.0,115.0,94.0,121.0,117.0,63.0,65.0,60.5,78.0,79.0,81.0,83.0,44.0,65.0,81.0,93.0,72.0,36.0,37.0,34.0,41.0,40.0,48.0,49.0,41.0,43.0,55.5,75.5,40.5,38.0,33.0,36.0,38.0,46.0,47.5,49.0,38.5,51.0,49.0,66.5,46.0,39.0,39.0,35.0,41.0,47.0,51.0,63.0,40.0,48.0,64.0,83.5,59.0,44.0,39.0,39.0,49.0,56.0,62.0,66.5,48.5,60.0,69.0,84.0,78.0,56.0,51.0,47.0,59.0,76.0,69.0,73.0,63.0,67.0,87.0,89.5,75.0,54.5,49.0,55.0,53.0,71.0,67.0,84.0,66.5
Brooklyn Heights,Brooklyn,neighborhood,,128.0,61.0,63.0,59.0,91.0,64.0,125.0,,73.5,169.0,83.0,,46.5,43.5,76.0,77.0,82.0,106.5,139.0,75.0,110.5,124.0,61.5,,61.5,64.0,63.0,41.5,76.0,107.0,92.5,124.0,40.5,66.5,88.0,124.0,61.0,63.0,36.0,38.0,47.0,35.0,32.0,60.0,43.0,35.0,42.0,71.0,34.0,44.0,29.5,29.0,33.0,46.0,40.5,31.0,29.5,37.0,39.0,,30.0,46.0,31.5,29.0,45.0,42.0,80.5,26.5,37.0,31.0,,95.0,93.5,28.5,28.0,37.0,49.0,40.0,,37.0,44.5,60.0,60.0,,55.0,37.0,47.0,34.0,35.0,71.0,67.0,133.5,69.0,53.5,39.5,83.0,34.0,24.0,58.0,34.0,67.0,68.0,62.5,96.0,30.0
Brookville,Queens,neighborhood,,,,,,,,,,,,,,,,,,,,,,,,,,,,,,,,,,,,,,,,,,,,,,,,,,,,,,,,,,,,,,,,,,,,,,,,,,,,,,,,,,,,,,,,,,,,,,,,,,,,,,,,,,
Brownsville,Brooklyn,neighborhood,,,,,,,,,,,,,,,,,,,,,,,,,,,,,,,,,,,,,,,,,,,,,,,,,,,,,,,,,,,,,,,,,,,,,,,,,,,,,,,,,,,,,,,,,,,,,,,,,,,,,,,,,,
Bushwick,Brooklyn,neighborhood,,,,,,,,,,,,,,,,,,,,,,,,,,,,,,,,,,,,,,,,,,,,,,,,,,,,,,,,,,,,39.5,,,72.5,74.5,43.0,,,,61.0,72.0,63.5,,,78.5,68.0,74.0,47.0,,78.0,72.0,75.5,,101.5,80.0,,82.0,125.0,,105.0,105.0,80.5,91.0,,103.0,59.0,,55.5,57.0,59.0,62.5,58.5,62.0,140.0,54.0,,85.5
Cambria Heights,Queens,neighborhood,,,,,,,,,,,,,,,,,,,,,,,,,,,,,,,,,,,,,,,,,,,,,,,,,,,,,,,,,,,,,,,,,,,,,,,,,,,,,,,,,,,,,,,,,,,,,,,,,,,,,,,,,,
Canarsie,Brooklyn,neighborhood,,,,,,,,,,,,,,,,,,,,,,,,,,,,,,,,,,,,,,,,,,,,,,,,,,,,,,,,,,,,,,,,,,,,,,,,,,,,,,,51.0,,,,,,,,,,,,,84.0,76.0,73.0,,,,,,,55.0,85.0,,,58.0,67.0
Carroll Gardens,Brooklyn,neighborhood,,,,44.5,38.0,,,103.0,,,,,,,,69.0,,94.0,,,,,62.0,,,,,80.5,43.5,,56.0,,,11.0,39.0,,84.0,69.5,,,30.0,36.0,47.0,,,44.0,46.0,,,,,,,25.0,38.0,,,41.0,,,,,,,28.5,49.0,,,83.0,,63.0,,,,41.0,29.0,38.0,35.5,,95.0,,,,,,,132.0,,42.0,51.0,,,56.0,,,,,,,36.0,34.0,49.5,,,,
Castle Hill,Bronx,neighborhood,,,,,,,,,,,,,,,,,,,,,,,,,,,,,,,,,,,,,,,,,,,,,,,,,,,,,,,,,,,,,,,,,,,,,,,,,,,,,,,,,,,,,,,,,,,,,,,,,,,,,,,,,,
Central Harlem,Manhattan,neighborhood,207.0,210.0,193.0,79.5,105.0,206.5,72.0,83.0,153.0,84.5,153.0,179.0,250.0,231.5,199.0,145.5,119.0,188.0,141.5,282.5,290.0,180.0,232.0,181.5,111.0,261.5,132.5,163.0,110.0,122.0,94.0,173.0,141.5,74.0,126.5,148.0,144.0,138.0,82.0,55.0,238.5,43.5,64.0,36.0,79.0,61.0,47.0,63.5,90.0,69.0,37.0,39.0,41.0,40.0,39.5,67.0,48.0,55.0,83.0,77.0,104.0,82.5,33.5,41.0,52.0,61.5,40.0,65.0,53.0,51.5,52.0,66.0,100.0,71.5,63.0,76.0,44.5,46.0,61.0,79.5,72.0,43.0,72.5,79.0,144.0,83.0,66.5,87.0,62.0,85.0,134.0,68.0,83.0,72.0,82.0,77.0,107.0,95.0,71.0,54.0,49.0,57.5,74.5,99.0,120.0,111.5
Central Park South,Manhattan,neighborhood,,,,,,,,,,,,,,,,,,,,,,,,,,,,,,,,,,,,,,,,,,,,,,,,,,,,,,59.0,,,,,,,,,,,,,,,,,,,,,,,,,,,,,,,,,,,,,,,,,,,,,,,,,,,,
Central Queens,Queens,submarket,,,132.0,70.5,65.0,,,96.5,105.0,,,,,95.0,81.0,32.5,111.0,59.0,84.0,61.5,57.5,,128.5,113.0,204.0,110.0,57.5,89.0,94.0,90.0,90.0,99.0,106.0,97.5,105.0,,118.0,105.5,48.0,60.0,76.0,72.0,97.0,62.0,81.0,76.5,102.0,67.0,92.5,79.5,61.0,46.5,55.0,55.0,74.0,85.5,73.0,66.0,44.0,68.0,80.0,77.0,62.5,39.0,57.0,42.5,45.5,56.0,77.5,55.0,51.0,65.0,73.0,55.5,51.5,44.0,41.5,44.0,50.0,61.5,48.0,44.0,60.0,57.0,87.0,92.0,48.0,53.0,55.0,47.0,57.5,68.0,73.0,70.5,64.0,83.0,73.0,81.0,65.0,54.0,54.0,51.0,64.0,65.0,71.0,83.0
Chelsea,Manhattan,neighborhood,119.5,133.0,107.0,54.0,90.0,62.0,61.5,113.0,96.5,105.0,129.0,160.0,191.0,137.5,121.0,57.5,57.0,77.0,68.0,83.5,84.5,81.5,63.0,93.0,96.0,107.0,69.5,59.0,72.0,59.0,40.0,73.0,76.5,75.0,38.0,65.0,76.0,43.0,40.0,35.0,51.0,41.0,45.0,42.0,54.5,40.0,52.0,47.0,83.0,29.0,33.5,33.0,39.5,34.0,58.0,41.0,57.0,43.0,65.0,64.5,76.5,65.0,39.0,47.5,36.0,53.5,42.5,55.0,47.0,43.0,50.0,60.5,63.0,34.5,48.0,63.0,44.0,46.5,49.0,101.5,85.0,47.0,100.0,59.0,90.0,75.5,63.0,55.0,93.5,74.0,70.0,87.0,96.5,79.0,67.0,172.0,84.0,101.5,42.0,53.0,56.0,66.0,62.0,104.5,143.5,46.5
Chinatown,Manhattan,neighborhood,,,,,,,,,,,,,,,,,,,,,,,,,,,,,,,,,,,,,,,,,,,,,,,,,,,,,,,,,,,,,,,,,,,,,,,,,,,,,,,,,,,,,,,,,,,,,,,,,,,,,,,,,,
City Island,Bronx,neighborhood,,,,,,,,,,,,,,,,,,,,,,,,,,,,,,,,,,,,,,,,,,,,,,,,,,,,,,,,,,,,,,,,,,,,,,,,,,,,,,,,,,,,,,,,,,,,,,,,,,,,,,,,,,
Civic Center,Manhattan,neighborhood,,,,,,,,,,,,,,,,,,,,,,,,,,,,,,,,,,,,,,,,,,,,,,,,,,,,,,,,,,,,,,,,,,,,,,,,,,,,,,,,,,,,,,,,,,,,,,,,,,,,,,,,,,
Clearview,Queens,neighborhood,,,,,,,,,,,,,,,,,,,,,,,,,,,,,,,,,,,,,,,,,,,,,,,,,,,,,,,,,,,,,,,,,,,,,,,,,,,,,,,,,,,,,,,,,,,,,,,,,,,,,,,,,,
Clinton Hill,Brooklyn,neighborhood,,,,49.0,,,,,,,61.5,,205.0,142.5,,205.0,77.0,97.5,53.0,,,105.0,73.0,189.0,,158.0,98.0,,51.0,,,80.0,,86.0,67.0,111.0,84.0,,,46.0,42.0,38.5,35.0,49.0,50.0,55.0,35.0,50.0,108.5,39.0,26.5,,42.0,47.0,47.5,28.0,69.0,37.0,32.5,41.5,53.0,,23.0,39.0,29.5,36.5,52.5,43.5,,39.5,43.0,68.5,96.0,39.0,30.0,29.5,36.0,42.0,56.0,52.0,31.0,33.0,61.0,70.0,,62.0,43.0,40.0,32.0,54.5,80.0,82.0,45.5,39.5,,,92.5,,36.5,42.0,29.0,48.5,40.0,72.0,,73.5
Co-op City,Bronx,neighborhood,,,,,,,,,,,,,,,,,,,,,,,,,,,,,,,,,,,,,,,,,,,,,,,,,,,,,,,,,,,,,,,,,,,,,,,,,,,,,,,,,,,,,,,,,,,,,,,,,,,,,,,,,,
Cobble Hill,Brooklyn,neighborhood,,,,,,,,,,,,14.5,,,,,,,,,,,,,,,167.0,57.0,,135.0,91.0,,,,,,,248.0,62.0,,,,,,,,,,,,,,,,,,,,61.0,,,,,27.0,,31.5,34.5,,,,,,,,,,,30.0,,,,,,,,,,28.0,24.0,,,,,39.0,55.5,101.0,,,,,,35.5,,,,28.5
College Point,Queens,neighborhood,,,,,,,,,,,,,,,,,,,,,,,,,,,,,,,,,,,,,,,,,,,,,,,,,,,,,,,,,,,,,,,,,,,,,,,,,,,,,,,,,,,,,,,,,,,,,,,,,,,,,,,,,,
Columbia St Waterfront District,Brooklyn,neighborhood,,,,,,,,,,,23.0,,,116.0,,,,,,,,,,,,,,,,,,,,,,,,,,,,,,,,,,,,,,,,,,,,,,,,,,,,,,,,,,,,,,,,,,,,,,,,,,,,,,,,,,,,,,,,,,,,
Concourse,Bronx,neighborhood,,,,,,,,,,,,,,,,,,,,,,,,,,,,,,,,,,,,,,,,,,,,,,,,,,,,,,,,,,,,,,,,,,,,,,,,,,,,,,,,,,,,,,,,,,,,,,,,,,,,,,,,,,
Coney Island,Brooklyn,neighborhood,,,,,,,,,,,,,,,,,,,,,,,,,,,,,,,,,,,,,,,,,,,,,,,,,,,,,,,,,,,,,,,,,,,,,,,,,,,,,,,,,,,,,,,61.5,,,,,,,,,,,,,,,,,,70.5,
Corona,Queens,neighborhood,,,,,,,,,,,,,,,,,,,,,,,,,,,,,,,,,,,,,,,,,,,,,,,,,,,,,,,,,,,,,,,,,,,,,,,,,,,,,,,,,,,,,,,,,,,,,,,,,,,,,,,,,,
Country Club,Bronx,neighborhood,,,,,,,,,,,,,,,,,,,,,,,,,,,,,,,,,,,,,,,,,,,,,,,,,,,,,,,,,,,,,,,,,,,,,,,,,,,,,,,,,,,,,,,,,,,,,,,,,,,,,,,,,,
Crotona Park East,Bronx,neighborhood,,,,,,,,,,,,,,,,,,,,,,,,,,,,,,,,,,,,,,,,,,,,,,,,,,,,,,,,,,,,,,,,,,,,,,,,,,,,,,,,,,,,,,,,,,,,,,,,,,,,,,,,,,
Crown Heights,Brooklyn,neighborhood,,,224.0,203.0,124.0,,,,,,,82.0,129.5,143.5,,,,,,,,,,,,,,,48.5,,,,,,,,,133.0,,,41.0,59.0,,,,,54.0,,76.0,,46.0,37.0,49.0,40.0,31.0,47.0,41.0,31.0,47.0,,60.0,34.5,,79.0,38.0,32.0,42.5,52.0,,60.0,41.0,78.5,,107.0,30.0,39.0,33.0,62.0,40.0,43.0,72.0,83.0,61.0,49.0,76.0,33.0,117.0,38.5,90.0,77.0,72.0,87.0,,111.5,64.0,132.5,77.0,86.0,83.5,68.0,43.0,52.0,86.0,62.0,61.0,88.0
DUMBO,Brooklyn,neighborhood,,,,,,111.0,,,,,,,,,,,,40.0,68.0,,,34.0,,,,115.5,74.0,44.0,75.5,94.5,,110.0,,,,,,21.5,,70.0,37.0,27.0,,,,44.0,,,,,,,,,,,,,,,,16.0,22.5,45.5,,33.5,,,,,,,,,48.0,,64.0,48.0,,84.0,,118.0,,,,,,184.0,67.0,,,,,135.5,,,,,,,58.5,,,,,
Ditmas Park,Brooklyn,neighborhood,,,,72.0,,,,,,,,,,,,,,249.0,,,,,,,115.0,,140.0,,63.0,99.0,,,,,55.0,,,,,,44.0,,,,,70.0,,,,,,,37.0,31.5,36.0,,,,,,,,,,29.5,,46.0,,,30.0,,46.0,,,42.0,28.0,,,,,,,,,,,,,35.5,66.0,,37.0,,39.5,,,,,55.0,39.0,,,,,,
Douglaston,Queens,neighborhood,,,,,,,,,,,,,,,,,,,,,,,,,,,,,,,,,,,,,,,,,,,,,,,,,,,,,,,,,,,,,,,,,,,,,,,,,,,,,,,,,,,,,,,,,,,,,,,,,,,,,,,,,,
Downtown Brooklyn,Brooklyn,neighborhood,,,,64.0,102.5,140.5,,91.0,124.0,80.0,174.0,93.0,107.0,173.0,145.0,86.0,94.0,171.0,105.5,134.0,,95.0,,,,91.0,41.0,78.0,76.0,,59.5,85.5,,37.0,103.0,97.0,113.5,86.5,43.0,58.0,28.0,39.5,40.5,30.0,43.0,,34.0,58.0,,39.5,32.5,,34.0,26.0,31.0,43.0,43.5,32.5,47.5,,73.5,27.0,31.0,28.0,40.0,48.0,,77.5,,67.5,39.0,44.0,,34.5,34.0,25.0,33.0,49.0,43.5,28.0,51.0,34.0,29.0,54.0,,23.5,,35.0,48.5,54.0,30.5,,,37.0,369.0,56.0,75.5,60.0,46.0,21.0,34.5,38.0,52.0,45.5,82.5,35.0
Dyker Heights,Brooklyn,neighborhood,,,,,,,,,,,,,,,,,,,,,,,,,,,,,,,,,,,,,,,,,,,,,,,,,,,,,,,,,,,,,,,,,,,,,,,,,,,,,,,,,,,,,,,,,,,90.0,,,,,105.0,,,,,,,,,,
East Brooklyn,Brooklyn,submarket,165.0,123.0,121.0,120.0,118.5,105.0,131.5,,68.5,68.0,83.5,76.5,131.5,110.0,138.0,170.0,87.0,135.0,73.5,100.0,216.5,140.0,161.0,66.0,144.0,140.0,35.0,76.0,57.0,89.0,89.5,72.5,74.5,53.5,59.5,86.5,91.5,75.5,38.5,41.0,35.0,45.5,37.5,49.0,38.0,40.0,46.0,58.0,63.0,72.0,58.5,42.0,51.0,52.0,36.5,50.5,74.0,45.5,57.0,51.0,64.0,56.0,51.0,76.0,44.0,47.0,49.0,49.0,61.0,49.0,54.0,65.0,73.0,93.0,49.0,60.0,47.0,54.0,60.5,66.0,68.0,70.0,70.0,83.5,77.5,95.5,90.5,47.0,76.5,62.0,70.5,72.5,58.0,87.0,62.0,76.0,89.0,88.0,82.5,47.5,49.5,55.0,97.0,59.0,99.0,68.0
East Elmhurst,Queens,neighborhood,,,,,,,,,,,,,,,,,,,,,,,,,,,,,,,,,,,,,,,,,,,,,,,,,,,,,,,,,,,,,,,,,,,,,,,,,,,,,,,,,,,,,,,,,,,,,,,,,,,,,,,,,,
East Flatbush,Brooklyn,neighborhood,,,,,,,,,,,,,,,,,,,,,,,,,,,,,,,,,,,,,,,,,,,,,,,,,,,,,,,,,,,,,,,,,,,71.0,,,,,,,,,,,66.0,,,,,84.0,,,90.5,85.5,80.0,83.0,70.0,98.0,,89.0,72.0,42.0,58.0,141.0,73.0,110.0,74.0,79.0,81.0,39.0,53.5,64.5,77.0
East Harlem,Manhattan,neighborhood,,,,,,,,,,,,,,228.0,237.5,,,,,,,,52.0,,,205.0,,,,,,,,,111.5,,,,,,135.0,160.0,,,,,,,,,,,,,,,,,131.5,,,,,,,,,,42.5,,,,,97.0,,,,39.0,58.0,216.0,,,,,,,123.0,,85.5,,,,,,,,,,,,,,,,,
East New York,Brooklyn,neighborhood,,,,,,,,,,,,,,,,,,,,,,,,,,,,,,,,,,,,,,,,,2.0,,,,,,,,,,,,,,,,,69.0,,,40.0,,,,,,,,,,,,56.0,,,,,75.0,,66.0,38.5,70.0,79.0,,,102.0,65.0,,110.0,92.5,64.0,,46.5,,70.0,,71.0,54.0,150.5,54.0,67.0,66.5,,61.0,,45.5
East Tremont,Bronx,neighborhood,,,,,,,,,,,,,,,,,,,,,,,,,,,,,,,,,,,,,,,,,,,,,,,,,,,,,,,,,,,,,,,,,,,,,,,,,,,,,,,,,,,,,,,,,,,,,,,,,,,,,,,,,,
East Village,Manhattan,neighborhood,114.0,76.0,67.0,193.0,84.0,100.0,68.0,,,110.0,102.0,75.0,96.0,134.0,121.5,82.0,63.0,80.0,76.5,86.5,113.0,,110.0,,85.5,120.0,135.0,82.0,52.0,67.5,53.0,48.0,61.0,70.5,,68.5,126.5,61.5,39.0,41.0,49.5,62.0,32.0,51.0,50.0,28.5,96.0,69.0,53.0,82.0,29.5,32.5,44.0,25.0,39.0,35.5,35.0,31.5,51.0,85.0,66.5,80.0,40.0,31.0,32.5,39.5,26.5,54.0,54.0,31.0,40.5,,,25.0,55.5,34.5,48.0,40.0,55.0,69.0,64.5,44.5,69.0,82.0,112.0,46.0,56.0,103.0,54.0,57.0,94.0,72.0,141.0,32.0,61.0,59.0,60.5,69.0,55.0,69.0,32.0,37.0,107.5,76.5,102.0,73.0
Eastchester,Bronx,neighborhood,,,,,,,,,,,,,,,,,,,,,,,,,,,,,,,,,,,,,,,,,,,,,,,,,,,,,,,,,,,,,,,,,,,,,,,,,,,,,,,,,,,,,,,,,,,,,,,,,,,,,,,,,,
Edenwald,Bronx,neighborhood,,,,,,,,,,,,,,,,,,,,,,,,,,,,,,,,,,,,,,,,,,,,,,,,,,,,,,,,,,,,,,,,,,,,,,,,,,,,,,,,,,,,,,,,,,,,,,,,,,,,,,,,,,
Elmhurst,Queens,neighborhood,,,,,,,,,,,,,,,,,,,,,,,,,,,,,,,,,,,,,,,,,,,,,,,,,,,,,,,,,,,,,,,,,,18.0,,,,,,,,,,,,,,,,,,,,,,,,,,,,,,,,,,,,,,,46.0,
Financial District,Manhattan,neighborhood,196.0,,128.0,76.0,116.5,98.0,,150.0,59.0,,115.5,,,,137.0,111.5,,275.0,102.0,99.0,115.0,93.0,150.5,86.0,,70.5,126.0,124.5,163.0,75.5,136.0,106.0,145.5,,142.0,85.0,179.5,93.0,160.5,53.0,72.0,91.0,81.0,75.0,103.5,111.0,94.0,51.5,87.5,97.0,89.5,27.0,62.0,87.0,75.0,59.0,85.0,44.5,52.0,92.0,71.0,99.0,59.5,185.0,43.5,70.0,78.5,57.0,70.0,73.0,47.5,62.5,97.0,92.5,53.0,63.0,54.0,54.0,75.0,118.0,119.0,62.0,83.0,52.0,93.5,103.0,104.0,78.0,66.0,65.5,134.0,73.0,87.0,105.0,67.0,245.0,166.5,137.0,114.0,53.0,72.0,60.5,72.0,66.0,108.0,103.5
Flatbush,Brooklyn,neighborhood,,,,,,,,,,,,,,,,,,,,,,,,,,,,,,,,,,,,,,,,,,,,,,,,,,,,,,,,,,,,,,,,,,51.0,,,,,,,,36.5,57.0,,,,,61.5,42.5,,84.5,,,,,24.0,48.0,,,,,,49.0,144.0,81.0,,,,56.5,63.0,115.5,46.0,84.0,46.5
Flatiron,Manhattan,neighborhood,104.0,102.0,60.0,66.5,85.0,79.5,,102.0,,69.0,63.0,102.0,121.5,124.5,77.0,67.5,60.0,84.0,95.0,78.0,52.5,63.0,100.0,67.5,107.5,47.5,68.5,54.0,44.0,77.0,68.0,86.5,57.5,33.0,77.0,95.5,100.0,32.0,22.0,25.0,41.0,29.0,39.5,43.0,38.0,45.0,50.5,52.5,75.0,24.0,28.0,37.5,32.0,36.5,43.0,34.5,86.5,40.5,53.0,70.0,79.0,63.0,31.0,43.0,30.0,40.0,59.5,40.5,28.0,29.0,53.0,56.0,87.5,65.0,56.0,45.5,69.0,76.0,52.0,58.0,84.0,108.0,72.0,145.0,116.0,91.0,126.0,38.0,68.5,90.0,110.0,74.0,95.0,164.5,81.0,115.0,136.0,47.5,335.0,56.5,56.0,63.0,60.5,110.0,60.0,106.0
Flatlands,Brooklyn,neighborhood,,,,,,,,,,,,,,,,,,,,,,,,,,,,,,,,,,,,,,,,,,,,,,,,,,,,,,,,,,,,,,,,,,,,,,,,,,,,,,,,,,,,,,,,,,,,,,,,,,,,,,,,,,
Floral Park,Queens,neighborhood,,,,,,,,,,,,,,,,,,,,,,,,,,,,,,,,,,,,,,,,,,,,,,,,,,,,,,,,,,,,,,,,,,,,,,,,,,,,,,,,,,,,,,,,,,,,,,,,,,,,,,,,,,
Flushing,Queens,neighborhood,,,,,,,,,,,,,,,,,,,,,,,,,,,,,70.5,,73.5,,94.5,,,,,104.0,118.0,54.0,85.0,201.0,,,,,,,,,,,,,,,,,,,,,,,,,,,56.5,,,,,,,,,,,,,,,,,,,,,,,,,,41.0,63.0,,,,,56.0,65.0,84.0,36.0,91.0,79.0
Fordham,Bronx,neighborhood,,,,,,,,,,,,,,,,,,,,,,,,,,,,,,,,,,,,,,,,,,,,,,,,,,,,,,,,,,,,,,,,,,,,,,,,,,,,,,,,,,,,,,,,,,,,,,,,,,,,,,,,,,
Forest Hills,Queens,neighborhood,,,,70.0,,,,,,,,,,,108.0,56.0,111.0,49.0,,,,,141.5,,204.0,,,,,95.0,,,69.5,97.5,,,136.0,,44.0,41.0,57.0,92.0,97.0,59.0,83.0,78.0,98.0,73.5,89.5,107.0,61.0,49.5,63.5,59.0,79.0,76.0,66.5,54.0,35.0,94.0,62.0,78.0,58.0,33.0,57.0,42.0,55.5,48.0,71.5,56.5,62.0,72.0,87.0,66.0,50.0,46.0,48.0,53.0,50.0,55.0,51.0,50.5,52.0,50.0,85.0,79.0,44.0,52.5,59.0,47.0,59.5,71.0,78.0,90.5,64.5,90.0,68.0,78.0,52.0,63.0,50.0,49.0,64.0,54.0,73.0,83.0
Fort Greene,Brooklyn,neighborhood,94.0,,,191.5,89.0,86.0,165.0,176.0,,68.5,,121.0,,116.0,,,,97.5,,,,,,,,177.0,,,76.0,92.5,47.5,,,40.0,,,,56.0,32.0,,26.0,25.0,34.0,37.0,68.0,,38.0,,,,,,26.0,,,,,34.0,54.0,,,137.0,40.5,34.0,29.0,39.0,,40.0,,,,70.0,,,39.5,,,47.0,,31.0,,,,,,519.0,,,44.0,,,,,52.5,,,,,33.0,,32.0,29.0,,57.0,,39.0
Fresh Meadows,Queens,neighborhood,,,,,,,,,,,,,,,,,,,,,,,,,,,,,,,,,,,,,,,,,,,,,,,,,,,,,,,,,,,,,,,,,,,,,,,,,,,,,,,,,,,,,,,,,,,,,,,,,,,,,,,,,,
Gerritsen Beach,Brooklyn,neighborhood,,,,,,,,,,,,,,,,,,,,,,,,,,,,,,,,,,,,,,,,,,,,,,,,,,,,,,,,,,,,,,,,,,,,,,,,,,,,,,,,,,,,,,,,,,,,,,,,,,,,,,,,,,
Glen Oaks,Queens,neighborhood,,,,,,,,,,,,,,,,,,,,,,,,,,,,,,,,,,,,,,,,,,,,,,,,,,,,,,,,,,,,,,,,,,,,,,,,,,,,,,,,,,,,,,,,,,,,,,,,,,,,,,,,,,
Glendale,Queens,neighborhood,,,,,,,,,,,,,,,,,,,,,,,,,,,,,,,,,,,,,,,,,,,,,,,,,,,,,,,,,,,,,,,,,,,,,,,,,,,,,,,,,,,,,,,,,,,,,,,,,,,,,,,,,,
Gowanus,Brooklyn,neighborhood,,,,214.0,,,,406.0,,,,,,,,,,,,878.0,,,,,,,,,,,,,,,,,,,,,,,,,,,,,,,,,,,,,,,,,,,,,,,,,,,,,,,,,,,,,,,,,,,,,,,,,,,,,,,,,,,,,,
Gramercy Park,Manhattan,neighborhood,112.0,72.0,54.5,63.0,61.0,63.0,44.0,,,115.0,103.0,59.5,76.0,105.0,105.0,95.5,48.5,51.0,81.0,79.5,127.5,104.0,146.0,104.0,137.0,245.0,57.0,65.0,62.0,62.0,45.0,54.0,,100.0,60.0,69.5,70.0,89.0,44.5,41.0,35.0,69.0,49.0,39.5,60.0,39.5,65.0,56.0,88.0,40.5,44.0,28.5,34.5,38.5,27.0,41.0,62.0,37.0,36.5,97.0,64.0,46.5,39.0,45.5,26.0,48.0,74.5,27.0,52.0,30.0,48.0,,85.5,29.0,29.0,24.5,39.0,40.0,58.0,48.0,62.0,29.0,42.0,71.0,102.0,35.0,62.5,34.0,34.0,50.0,65.5,103.5,106.5,37.0,82.5,,91.5,101.5,61.5,69.0,48.0,58.0,77.0,63.5,82.5,71.0
Gravesend,Brooklyn,neighborhood,,,,,,,,,,,,,,,,,,,,,,,,,,,,,,,,,,,,,,,,,,,,,,,,,,,,,,,,,,,,,,,,,,,,,,,,,,,,,,,,,,78.5,111.5,,,,,,,,,,55.0,,60.0,,,,63.0,,83.5,92.0,,53.0,113.0,79.0
Greenpoint,Brooklyn,neighborhood,,,,56.5,,,,123.0,,112.0,101.0,,,,,,58.5,61.0,,,,58.0,,,,,62.5,53.0,,91.0,,,,,,,,,,,,50.5,,,,,45.0,,,,,,,,49.5,59.5,35.5,,,,,,54.0,,28.0,35.0,65.0,,65.0,,,,,,,38.0,,62.0,,107.0,,111.0,,67.0,99.5,35.0,65.0,91.0,54.0,85.0,71.5,131.0,328.0,65.0,109.0,87.0,,,192.0,49.0,60.0,56.0,,53.0,70.0,84.0
Greenwich Village,Manhattan,neighborhood,98.0,94.0,152.0,87.0,63.0,39.0,72.0,62.0,93.0,73.0,66.0,89.0,81.5,60.0,64.0,64.5,74.0,62.0,75.5,70.0,93.0,74.0,39.0,56.0,120.0,123.5,56.0,51.5,40.0,64.0,80.0,81.5,70.0,36.0,59.0,75.0,69.5,48.0,33.0,57.0,30.0,45.0,41.0,59.0,65.0,45.0,41.0,40.0,100.0,52.0,36.5,26.0,30.0,30.5,44.5,67.5,50.5,32.0,67.0,56.0,97.0,26.5,45.5,37.0,35.0,49.0,51.0,63.0,50.0,50.5,47.0,63.0,86.0,96.0,42.0,40.0,44.0,56.0,52.0,46.5,71.0,50.0,58.0,56.0,97.0,49.0,51.0,45.0,48.0,71.5,72.0,87.0,72.0,88.5,56.0,84.5,96.0,153.0,94.0,39.0,56.5,48.0,72.0,90.0,130.5,59.5
Greenwood,Brooklyn,neighborhood,,,,,,,,,,,,,,,,,,,,,,,,,,,,,,,,,,,,,,,,,,,,,,,,,,,,,,,,,,,,,,,,,,,,,,,,,,,,,,,,,,,,,,,,,,,,,,,,,,,,,,36.5,85.0,,,
Hamilton Heights,Manhattan,neighborhood,,,,,,,,,,,,,,,,,,,,,,,,,,,,,,,,,,,,,,,,,73.0,,98.0,,,,,,,,,54.0,,50.0,99.0,103.0,77.0,,78.0,115.0,,76.0,,160.0,,90.5,,,,,,,,47.0,,42.0,,,66.0,,,,,,,,60.0,,,65.0,63.5,,,141.5,,,,,126.0,,,139.0,,,,
Highbridge,Bronx,neighborhood,,,,,,,,,,,,,,,,,,,,,,,,,,,,,,,,,,,,,,,,,,,,,,,,,,,,,,,,,,,,,,,,,,,,,,,,,,,,,,,,,,,,,,,,,,,,,,,,,,,,,,,,,,
Hillcrest,Queens,neighborhood,,,,,,,,,,,,,,,,,,,,,,,,,,,,,,,,,,,,,,,,,,,,,,,,,,,,,,,,,,,,,,,,,,,,,,,,,,,,,,,,,,,,,,,,,,,,,,,,,,,,,,,,,,
Hollis,Queens,neighborhood,,,,,,,,,,,,,,,,,,,,,,,,,,,,,,,,,,,,,,,,,,,,,,,,,,,,,,,,,,,,,,,,,,,,,,,,,,,,,,,,,,,,,,,,,,,,,,,,,,,,,,,,,,
Howard Beach,Queens,neighborhood,,,,,,,,,,,,,,,,,,,,,,,,,,,,,,,,,,,,,,,,,,,,,,,,,,,,,,,,,,,,,,,,,,,,,,,,,,,,,,,,,,,,,,,,,,,,,,,,,,,,68.0,,,,,,
Hunts Point,Bronx,neighborhood,,,,,,,,,,,,,,,,,,,,,,,,,,,,,,,,,,,,,,,,,,,,,,,,,,,,,,,,,,,,,,,,,,,,,,,,,,,,,,,,,,,,,,,,,,,,,,,,,,,,,,,,,,
Inwood,Manhattan,neighborhood,,,,,,,,,,,,,,,,,,,,,,,,,,,,,,,,,,,,,,,,84.0,,56.0,,102.5,79.0,,,,,,,,50.0,60.0,104.0,68.0,,,,,,,51.0,,,47.0,,,,,,,104.0,,49.0,,,,,71.0,,,,,,,,,,,,49.0,,,,,,,,,,,,,,41.0
Jackson Heights,Queens,neighborhood,,,,,,,,,,,,,,,,,,,,,,,,,,,,,,,,,,,,,,205.0,104.5,,93.5,75.0,77.0,68.5,77.0,41.0,,,,113.0,,44.5,31.0,58.5,,91.0,108.0,66.0,,33.5,91.0,61.0,70.0,72.0,48.0,34.5,55.0,58.0,46.5,38.0,48.0,36.0,45.5,51.0,52.0,,34.0,58.0,42.0,49.0,44.0,43.0,52.5,57.0,65.0,120.5,74.0,40.0,40.5,54.0,62.0,61.0,72.0,72.5,69.0,69.0,66.5,68.0,72.5,44.0,49.0,50.5,60.0,58.5,,110.0
Jamaica,Queens,neighborhood,,,,,,,,,,,,,,,,,,,,,,,,,,,,,,,,,,,,,,,,,,,,,,,,,,,,,,,,,,,,,,,,,,,,,,,,,,,,,,,,,,,,,,,,,,,,,,,,,,,,,,,,,,
Jamaica Estates,Queens,neighborhood,,,,,,,,,,,,,,,,,,,,,,,,,,,,,,,,,,,,,,,,,,,,,,,,,,,,,,,,,,,,,,,,,,,,,,,,,,,,,,,,,,,,,,,,,,,,,,,67.0,,,,,,,,,,,
Jamaica Hills,Queens,neighborhood,,,,,,,,,,,,,,,,,,,,,,,,,,,,,,,,,,,,,,,,,,,,,,,,,,,,,,,,,,,,,,,,,,,,,,,,,,,,,,,,,,,,,,,,,,,,,,,,,,,,,,,,,,
Kensington,Brooklyn,neighborhood,,,,,,,,,,,,,,,,,,,,,,,,,,,,,,,147.5,,,,,,,,,55.0,51.0,43.0,,,,48.0,,,,,37.5,,37.5,42.5,37.5,,,41.0,,,,,29.5,34.5,30.5,33.0,43.0,,,34.5,,,54.0,,37.5,26.0,,36.0,46.0,,37.0,42.0,,,,42.0,,,38.5,45.0,44.0,65.0,54.0,49.0,59.0,99.0,81.0,96.0,38.0,41.5,38.5,47.0,44.0,71.0,,93.0
Kew Gardens,Queens,neighborhood,,,,,,,,,,,,,,,,,,,,,,,,,,,,,,,,,,,,,,,,,,,,,,,,,,,,,,,,,,,,,,97.5,,87.5,,50.0,,,,,125.0,68.0,,,,,,62.0,,182.0,,,,,,105.0,36.0,,,,,,,54.0,,,80.0,,81.0,,67.0,,,,,82.0
Kew Gardens Hills,Queens,neighborhood,,,,,,,,,,,,,,,,,,,,,,,,,,,,,,,,,,,,,,,,,,,,,,,,,,,,,,,,,,,,,,,,,,,,,,,,,,,,,,,,,,,,,,,,,,,67.5,47.0,,,,,,,72.5,120.0,,48.0,,,,
Kingsbridge,Bronx,neighborhood,,,,,,,,,,,,,,,,,,,,,,,,,,,,,,,,,,,,,,,,,,,,,,,,,,,,,,,,,,,,,,,,,,,,,,,,,,,,,,,,,,,,,,,,,,,,,,,,,,,,,,,,,,
Laconia,Bronx,neighborhood,,,,,,,,,,,,,,,,,,,,,,,,,,,,,,,,,,,,,,,,,,,,,,,,,,,,,,,,,,,,,,,,,,,,,,,,,,,,,,,,,,,,,,,,,,,,,,,,,,,,,,,,,,
Laurelton,Queens,neighborhood,,,,,,,,,,,,,,,,,,,,,,,,,,,,,,,,,,,,,,,,,,,,,,,,,,,,,,,,,,,,,,,,,,,,,,,,,,,,,,,,,,,,,,,,,,,,,,,,,,,,,,,,,,
Little Italy,Manhattan,neighborhood,,,,,,,,,,,,,,,,,,,,,,,,,,,,,,,,,,,,,,,,,,,,,,,,,,,,,,,,,,,,,,,,,,,,,,,,,,,,,,,,,,,,,,,,,,,,,,,,,,,,,,,,,,
Little Neck,Queens,neighborhood,,,,,,,,,,,,,,,,,,,,,,,,,,,,,,,,,,,,,,,,,,,,,,,,,,,,,,,,,,,,,,,,,,,,,,,,,,,,,,,,,,,,,,,,,,,,,,,,,,,,,,,,,,
Long Island City,Queens,neighborhood,,,,,,198.0,233.0,,,,,,,,,,,,,,,,113.0,,119.0,108.0,111.5,138.0,47.0,56.0,123.0,55.0,,,95.0,,49.0,148.5,43.0,87.0,54.0,46.0,64.0,64.0,127.0,76.5,,,,100.0,47.0,54.0,36.0,35.0,,82.0,,48.0,,,,41.0,47.0,124.0,,42.0,58.0,48.0,,69.0,64.0,66.0,80.0,42.0,73.5,56.0,65.0,53.0,84.0,58.0,75.5,78.0,52.0,58.0,66.0,122.0,52.0,47.5,65.0,58.0,88.0,125.0,221.5,205.0,254.0,96.5,83.0,,63.0,46.0,59.0,101.0,59.0,129.0,120.5,175.0
Longwood,Bronx,neighborhood,,,,,,,,,,,,,,,,,,,,,,,,,,,,,,,,,,,,,,,,,,,,,,,,,,,,,,,,,,,,,,,,,,,,,,,,,,,,,,,,,,,,,,,,,,,,,,,,,,,,,,,,,,
Lower East Side,Manhattan,neighborhood,,101.0,,,99.0,29.0,62.0,67.5,,64.0,,89.0,,143.0,,,,,,,,122.0,,122.0,151.0,64.5,88.0,90.5,116.0,111.0,,88.5,101.5,,67.5,95.0,113.5,41.0,63.0,41.0,51.0,41.0,67.0,40.0,39.0,56.0,73.0,137.0,97.5,41.0,31.0,34.5,28.5,47.0,41.0,89.0,43.0,29.0,39.0,47.0,,,27.0,24.0,32.5,35.5,,,38.0,46.0,55.5,41.0,,,57.0,78.0,37.5,41.5,39.0,42.0,44.0,,46.5,67.0,,,62.5,147.0,101.5,47.0,63.5,103.5,79.5,86.0,37.0,67.0,,116.0,119.5,55.0,34.5,91.0,62.0,77.0,24.5,79.5
Manhattan,Manhattan,borough,111.0,119.0,107.0,80.0,84.0,86.0,91.5,102.0,108.0,105.0,93.0,103.0,125.0,126.0,126.0,84.0,85.0,95.5,95.0,109.0,114.0,103.0,100.0,102.0,120.0,126.5,102.0,82.0,83.0,80.0,94.0,90.0,99.5,75.0,84.5,86.0,95.0,71.0,53.0,48.0,53.0,57.0,56.0,56.0,63.0,47.0,55.0,61.0,84.0,52.5,42.0,41.0,42.5,47.0,55.0,59.0,61.0,46.0,55.0,66.0,81.0,61.0,44.0,42.0,37.0,51.0,51.0,58.0,60.0,46.0,51.0,66.0,89.0,66.0,49.0,44.0,47.0,54.0,62.0,71.0,72.5,58.0,63.0,77.0,97.0,83.0,63.0,58.0,58.0,67.0,83.0,88.0,98.0,72.0,69.0,90.0,99.0,90.0,65.0,61.5,55.0,66.0,76.0,100.0,113.0,97.0
Manhattan Beach,Brooklyn,neighborhood,,,,,,,,,,,,,,,,,,,,,,,,,,,,,,,,,,,,,,,,,,,,,,,,,,,,,,,,,,,,,,,,,,,,,,,,,,,,,,,,,,,,,,,,,,,,,,,,,,,,,,,,,,
Manhattanville,Manhattan,neighborhood,,,,,,,,,,,,,,,,,,,,,,,,,,,,,,,,,,,,,,,,,,,,,,,,,,,,,,,,,,,,,,,,,,,,,,,,,,,,,,,,,,,,,,,,,,,,,,,,,,,,,,,,,,
Marble Hill,Manhattan,neighborhood,,,,,,,,,,,,,,,,,,,,,,,,,,,,,,,,,,,,,,,,,,,,,,,,,,,,,,,,,,,,,,,,,,,,,,,,,,,,,,,,,,,,,,,,,,,,,,,,,,,,,,,,,,
Marine Park,Brooklyn,neighborhood,,,,,,,,,,,,,,,,,,,,,,,,,,,,,,,,,,,,,,,,,,,,,,,,,,,,,,,,,,,,,,,,,,,,,,,,,,,,,,,,,,,,,,,,,,,,,,,,,,,,,,,,40.0,59.5,
Maspeth,Queens,neighborhood,,,,,,,,,,,,,,,,,,,,,,,,,,,,,,,,,,,,,,,,,,,,,,,,,,,,,,,,,,,,,,,,,,,,,,,,,,,,,,,,,,,,,,,,,,,,,,,,,,,,,,51.0,,,,
Melrose,Bronx,neighborhood,,,,,,,,,,,,,,,,,,,,,,,,,,,,,,,,,,,,,,,,,,,,,,,,,,,,,,,,,,,,,,,,,,,,,,,,,,,,,,,,,,,,,,,,,,,,,,,,,,,,,,,,,,
Middle Village,Queens,neighborhood,,,,,,,,,,,,,,,,,,,,,,,,,,,,,,,,,,,,,,,,,,,,,,,,,,,,,,,,,,,,,,,,,,,,,,,,,,,,,,,,,,,,,,,,,,,,,,,,,,,,,,,,,,
Midtown,Manhattan,neighborhood,121.0,200.0,59.0,121.0,134.0,115.0,124.0,113.5,131.0,102.0,123.0,71.0,157.0,138.0,162.0,,109.5,76.0,170.0,179.0,148.0,103.0,133.0,194.0,98.5,,152.5,105.0,66.5,118.0,131.0,88.5,111.0,117.5,144.0,118.0,94.0,165.0,61.0,48.5,76.0,72.5,57.0,62.0,43.0,79.0,61.0,70.5,102.0,43.0,85.5,42.0,39.0,60.0,90.0,89.0,66.0,61.5,84.0,79.5,94.0,78.5,108.0,69.0,51.0,66.0,64.5,97.0,96.5,89.0,50.0,97.0,146.5,119.5,149.0,81.0,98.5,166.0,89.0,129.0,,90.0,62.5,127.5,112.0,156.0,157.5,86.0,74.0,100.0,114.0,196.0,79.5,115.0,124.5,214.0,96.0,117.0,123.0,147.0,101.0,121.0,56.0,104.5,78.0,82.0
Midtown East,Manhattan,neighborhood,118.5,144.0,120.0,91.5,96.0,107.0,100.5,119.5,119.0,84.0,87.5,133.0,120.0,130.5,148.0,80.0,91.0,94.0,108.5,123.0,113.0,113.5,118.0,103.0,143.0,148.0,138.0,89.0,91.0,83.0,104.0,99.5,126.0,101.0,119.5,111.0,96.0,81.0,93.0,69.0,63.0,58.5,70.0,70.0,69.0,53.5,55.5,62.0,90.0,96.0,44.5,46.0,45.0,48.5,63.0,66.0,64.0,51.0,55.5,61.0,91.0,57.0,44.0,40.0,41.0,52.5,50.0,77.0,76.0,52.0,56.5,62.0,90.0,49.0,50.0,42.0,53.5,60.5,62.0,59.0,48.0,64.0,64.0,95.5,82.0,74.5,64.0,51.0,62.0,63.0,76.0,98.0,114.0,55.0,62.0,88.0,119.0,88.0,49.0,52.0,61.0,84.0,85.0,96.0,106.0,118.0
Midtown South,Manhattan,neighborhood,,,,,,,,,,,,,,,131.0,,,,,,,,76.5,110.5,,206.0,92.0,44.0,162.0,,86.0,68.5,,50.0,62.0,,88.0,105.5,110.0,81.0,,93.0,,46.0,48.0,,,,,102.0,104.0,,,,,,,,,,,,,58.0,35.0,,,,,28.0,85.0,,61.0,47.0,33.0,43.0,37.0,46.0,,86.5,,182.0,,,,,,69.5,,186.0,,253.0,105.0,,,,,,39.0,,,,90.5,,,
Midtown West,Manhattan,neighborhood,91.0,124.0,95.5,145.0,124.0,84.0,86.5,150.0,133.0,106.5,183.0,121.0,254.0,181.0,221.5,98.0,108.0,195.0,189.5,143.0,100.0,146.0,72.0,188.5,108.0,145.0,121.0,192.5,76.0,97.0,107.5,96.0,94.0,110.0,83.5,110.0,76.5,96.0,72.5,40.0,50.0,46.0,38.5,34.0,38.0,40.0,51.0,50.5,69.5,30.5,39.5,35.0,43.0,33.0,53.5,61.0,64.0,57.0,39.0,69.5,67.5,83.0,50.0,36.0,54.0,54.0,78.5,113.5,98.5,44.0,66.0,89.0,76.5,82.0,34.0,44.0,50.0,73.0,78.0,74.0,114.0,92.0,53.0,66.0,115.0,113.0,63.5,65.5,106.0,110.5,90.5,78.0,141.0,67.0,108.0,107.5,78.0,104.0,49.0,75.0,57.5,69.0,68.5,93.0,105.0,70.0
Midwood,Brooklyn,neighborhood,,,,,,,,,,,,,,,,,,,,,,,,,,,,,,,,,,,,,,,,,,,,,,,,,,,,,,,,,,,,,,,,,,,,,,,,,,,,,,,,,,,,,,,,,,,96.0,,,110.0,55.0,,,,,155.0,147.0,,149.0,102.5,,
Mill Basin,Brooklyn,neighborhood,,,,,,,,,,,,,,,,,,,,,,,,,,,,,,,,,,,,,,,,,,,,,,,,,,,,,,,,,,,,,,,,,,,,,,,,,,,,,,,,,,,,,,,,,,,,,,,,,,,,,,,,,,
Morningside Heights,Manhattan,neighborhood,,,,,,81.5,,,,,,,,,,,47.5,55.0,,,,,,,,,166.0,76.0,,,,,67.0,,,57.5,,,35.0,135.0,45.0,40.5,47.0,85.0,,68.0,,,,69.0,,,91.0,,41.0,,,,32.0,,,,72.0,44.0,,,38.5,64.0,,74.0,32.0,,,,36.5,35.5,,42.0,,,,,,,,,,,,,,67.0,98.0,44.0,,,,,107.0,,,,,,,
Morris Heights,Bronx,neighborhood,,,,,,,,,,,,,,,,,,,,,,,,,,,,,,,,,,,,,,,,,,,,,,,,,,,,,,,,,,,,,,,,,,,,,,,,,,,,,,,,,,,,,,,,,,,,,,,,,,,,,,,,,,
Morris Park,Bronx,neighborhood,,,,,,,,,,,,,,,,,,,,,,,,,,,,,,,,,,,,,,,,,,,,,,,,,,,,,,,,,,,,,,,,,,,,,,,,,,,,,,,,,,,,,,,,,,,,,,,,,,,,,,,,,,
Morrisania,Bronx,neighborhood,,,,,,,,,,,,,,,,,,,,,,,,,,,,,,,,,,,,,,,,,,,,,,,,,,,,,,,,,,,,,,,,,,,,,,,,,,,,,,,,,,,,,,,,,,,,,,,,,,,,,,,,,,
Mott Haven,Bronx,neighborhood,,,,,,,,,,,,,,,,,,,,,,,,,,,,,,,,,,,,,,,,,,,,,,,,,,,,,,,,,,,,,,,,,,,,,,,,,,,,,,,,,,,,,,,,,,,,,,,,,,,,,,,,,,
NYC,,city,110.0,117.0,110.0,81.0,81.0,88.0,94.5,103.0,107.0,101.0,91.0,100.0,125.0,125.0,126.0,87.5,84.5,92.0,92.0,104.0,116.0,95.0,105.0,101.0,121.0,124.5,92.0,79.0,76.0,80.0,91.0,89.0,97.0,67.0,78.0,85.0,96.0,76.0,50.0,46.0,49.0,53.0,55.0,57.0,60.0,48.0,53.0,61.0,84.0,55.0,43.0,40.0,42.0,46.0,55.0,58.0,59.0,46.0,55.0,64.0,78.0,61.0,45.0,42.0,39.0,48.0,51.0,57.0,63.0,47.0,53.0,66.0,86.0,68.0,50.0,44.0,46.0,53.0,60.0,68.0,65.0,55.0,61.5,71.0,91.0,82.0,60.0,55.0,55.0,61.0,77.0,73.0,83.0,72.0,70.0,85.0,93.0,83.0,59.0,54.0,56.0,59.0,72.0,77.0,93.0,80.0
New Hyde Park,Queens,neighborhood,,,,,,,,,,,,,,,,,,,,,,,,,,,,,,,,,,,,,,,,,,,,,,,,,,,,,,,,,,,,,,,,,,,,,,,,,,,,,,,,,,,,,,,,,,,,,,,,,,,,,,,,,,
Nolita,Manhattan,neighborhood,,,,,,,,,,,,,,,,,,,,,,,,,,,,,,,,,,,,13.0,,,,,,,,,,,,,,,,,,,,,,,,,,,,,,,,,,,,,,,,,,,,,,,,,,,,,,,,,,,,,,,,,,,,,,
North Brooklyn,Brooklyn,submarket,72.0,95.5,117.0,98.0,61.0,84.0,49.0,114.5,152.5,91.0,101.0,111.5,146.0,132.0,135.5,103.0,119.0,71.0,70.0,113.0,178.5,44.5,96.5,82.0,101.5,138.0,71.0,61.0,51.5,80.0,35.0,67.0,43.5,45.5,60.0,43.0,52.0,33.5,28.0,28.0,30.0,38.0,33.0,35.0,42.0,40.5,46.0,63.0,111.0,28.5,37.0,37.0,35.0,45.5,62.5,46.0,32.5,37.0,51.0,56.0,76.0,62.0,45.0,40.0,34.5,34.0,51.0,41.0,57.0,35.0,50.5,66.5,108.5,35.0,40.5,44.5,53.0,71.0,62.0,92.0,101.5,88.0,85.5,79.0,114.0,66.0,65.0,82.0,73.5,73.0,102.5,100.0,117.5,85.0,85.0,109.0,75.0,86.0,77.0,58.0,47.0,60.5,63.0,70.0,84.5,84.0
North Corona,Queens,neighborhood,,,,,,,,,,,,,,,,,,,,,,,,,,,,,,,,,,,,,,,,,,,,,,,,,,,,,,,,,,,,,,,,,,,,,,,,,,,,,,,,,,,,,,,,,,,,,,,,,,,,,,,,,,
Northeast Queens,Queens,submarket,60.5,26.0,,67.5,,,,,,,,,271.0,,170.0,99.5,230.0,118.0,152.5,92.0,196.0,,104.0,118.0,,127.0,55.0,63.0,68.0,70.5,83.0,81.5,94.0,,150.0,63.0,76.0,104.0,61.0,54.0,84.0,134.0,118.0,153.0,77.0,89.0,44.0,89.0,59.0,82.5,72.0,44.0,65.0,64.5,53.0,67.0,67.5,89.0,52.5,87.0,76.0,91.0,45.0,72.0,56.0,65.0,53.0,69.0,60.5,58.5,88.5,66.0,84.0,78.0,61.0,60.0,56.5,54.5,64.0,78.0,58.0,52.0,67.5,64.0,58.5,46.0,56.0,55.5,49.0,52.0,69.0,42.0,57.0,61.0,74.5,70.0,77.0,44.0,42.0,38.5,66.0,52.0,52.0,56.0,87.5,69.0
Northwest Brooklyn,Brooklyn,submarket,91.5,129.0,84.5,79.5,76.0,96.0,96.0,108.0,124.0,83.0,71.0,90.0,109.0,119.0,115.5,87.0,77.0,89.0,90.0,129.0,118.0,75.5,122.5,82.5,121.0,113.0,62.5,64.0,56.5,83.0,87.0,84.0,110.0,37.0,62.5,86.0,105.0,78.0,36.0,43.0,34.0,39.0,36.0,41.0,49.0,40.0,35.0,53.5,82.0,39.0,30.0,30.0,32.0,34.0,42.0,38.0,41.0,37.0,46.0,41.0,57.5,30.0,33.0,35.0,30.0,41.0,48.0,57.5,63.5,39.0,44.0,71.0,93.0,47.0,36.0,31.0,36.5,42.0,59.0,55.0,47.0,39.5,53.0,64.0,88.0,100.0,40.5,43.0,40.0,49.0,72.0,68.0,72.0,44.0,157.0,113.0,102.0,80.5,37.0,40.0,57.0,43.0,66.0,72.0,85.0,45.0
Northwest Queens,Queens,submarket,,,,125.0,143.0,164.0,233.0,,140.0,,,,,,,82.0,97.0,81.5,,101.5,81.5,92.0,148.0,,161.0,108.0,139.5,138.0,67.0,58.5,130.5,81.0,102.0,90.0,69.0,107.0,79.0,121.5,71.5,87.0,55.0,43.0,65.0,69.0,88.0,80.0,30.5,48.0,82.0,61.5,40.0,54.0,39.0,39.5,32.0,70.0,62.0,52.0,51.0,67.0,59.0,57.0,50.5,55.0,45.5,46.5,52.0,48.0,57.0,62.0,65.5,63.0,67.0,84.0,61.0,47.0,39.0,55.0,84.0,53.0,60.0,53.0,51.0,54.0,66.0,104.5,43.5,43.5,48.0,54.0,60.5,92.5,157.0,106.0,86.0,76.5,89.0,81.0,57.0,47.0,57.0,61.5,89.0,76.0,89.0,146.0
Norwood,Bronx,neighborhood,,,,,,,,,,,,,,,,,,,,,,,,,,,,,,,,,,,,,,,,,,,,,,,,,,,,,,,,,,,,,,,,,,,,,,,,,,,,,,,,,,,,,,,,,,,,,,,,,,,,,,,,,,
Oakland Gardens,Queens,neighborhood,,,,,,,,,,,,,,,,,,,,,,,,,,,,,,,,,,,,,,,,,,,,,,,,,,,,,,,,,,,,,,,,,,,,,,,,,,,,,,,,,,,,,,,,,,,,,,,,,,,,44.0,,,36.0,,113.0,
Ocean Parkway,Brooklyn,neighborhood,,,,,,,,,,,,,,,,,,,,,,,,,,,,,,,,,,,,,,,,,,,,,,,,,,,,,,,,,,,,,,,,,,,,,,,,,,,,,,,,,,,,,,,,,,,,,,67.0,,,,,,,,,,,,97.0
Old Mill Basin,Brooklyn,neighborhood,,,,,,,,,,,,,,,,,,,,,,,,,,,,,,,,,,,,,,,,,,,,,,,,,,,,,,,,,,,,,,,,,,,,,,,,,,,,,,,,,,,,,,,,,,,,,,,,,,,,,,,,,,
Ozone Park,Queens,neighborhood,,,,,,,,,,,,,,,,,,,,,,,,,,,,,,,,,,,,,,,,,,,,,,,,,,,,,,,,,,,,,,,,,,,,,,,,,,,,,,,,,,,,,,,,,,,,,,,,,,,,,,,,,,
Park Slope,Brooklyn,neighborhood,128.0,64.5,71.0,76.0,53.0,55.0,63.0,76.0,85.0,46.0,71.0,80.0,103.0,50.5,54.0,83.0,59.0,62.5,86.0,72.0,97.0,51.0,115.5,128.5,114.5,101.5,57.0,42.0,47.0,37.5,64.5,69.0,76.0,41.0,60.0,62.0,84.0,34.0,30.0,29.0,32.0,34.0,38.0,44.0,43.0,34.0,46.0,55.0,54.0,34.0,27.0,30.0,28.0,32.0,36.5,56.0,56.0,34.0,44.0,49.0,50.5,35.0,38.0,27.0,28.0,33.0,42.5,40.5,69.0,35.0,40.0,60.5,57.0,37.5,38.0,33.0,34.0,41.0,45.0,65.0,63.0,34.0,37.5,53.0,73.0,37.0,35.0,32.0,31.0,53.0,76.0,60.0,91.5,39.0,46.0,70.0,113.0,28.0,31.0,33.0,28.0,45.5,47.5,56.0,75.0,43.0
Parkchester,Bronx,neighborhood,,,,,,,,,,,,,,,,,,,,,,,,,,,,,,,,,,,,,,,,,,,,,,,,,,,,,,,,,,,,,,,,,,,,,,,,,,,,,,,,,,,,,,,,,,,,,,,,,,,,,,,,,,
Pelham Bay,Bronx,neighborhood,,,,,,,,,,,,,,,,,,,,,,,,,,,,,,,,,,,,,,,,,,,,,,,,,,,,,,,,,,,,,,,,,,,,,,,,,,,,,,,,,,,,,,,,,,,,,,,,,,,,,,,,,,
Pelham Gardens,Bronx,neighborhood,,,,,,,,,,,,,,,,,,,,,,,,,,,,,,,,,,,,,,,,,,,,,,,,,,,,,,,,,,,,,,,,,,,,,,,,,,,,,,,,,,,,,,,,,,,,,,,,,,,,,,,,,,
Pelham Parkway,Bronx,neighborhood,,,,,,,,,,,,,,,,,,,,,,,,,,,,,,,,,,,,,,,,,,,,,,,,,,,,,,,,,,,,,,,,,,,,,,,,,,,,,,,,,,,,,,,,,,,,,,,,,,,,,,,,,,
Pomonok,Queens,neighborhood,,,,,,,,,,,,,,,,,,,,,,,,,,,,,,,,,,,,,,,,,,,,,,,,,,,,,,,,,,,,,,,,,,,,,,,,,,,,,,,,,,,,,,,,,,,,,,,,,,,,,,,,,,
Port Morris,Bronx,neighborhood,,,,,,,,,,,,,,,,,,,,,,,,,,,,,,,,,,,,,,,,,,,,,,,,,,,,,,,,,,,,,,,,,,,,,,,,,,,,,,,,,,,,,,,,,,,,,,,,,,,,,,,,,,
Prospect Heights,Brooklyn,neighborhood,107.5,132.0,115.5,98.0,64.0,55.0,,,,,,64.0,,53.0,69.5,,71.0,65.0,74.0,67.5,,95.0,85.5,77.0,103.0,48.5,57.5,37.5,,76.0,53.5,43.0,,37.0,65.5,88.0,,61.0,33.0,29.5,26.0,36.0,28.0,,,29.0,33.0,45.5,33.0,,27.0,25.5,31.0,,28.0,,28.0,31.0,32.0,35.0,,,32.0,40.0,32.0,28.0,27.0,37.0,57.5,24.0,35.5,51.5,111.5,,34.0,29.5,36.0,40.0,,39.0,65.5,38.0,25.0,25.5,58.5,,,33.0,35.0,470.5,108.0,33.0,55.0,41.0,42.5,44.0,,,38.0,72.5,41.0,51.0,69.5,58.5,,40.5
Prospect Lefferts Gardens,Brooklyn,neighborhood,,,,,,,,,,,,,,,,,,,,,,,,,,,,229.0,,,,,,,,,,,,,,33.0,,,,,,,,,,,,,,,,,,,,,29.0,,,46.0,,,,,,,,,,,,,,,,,,,,,,,,,,,,98.5,,,,,,41.0,,,,,,
Prospect Park,Brooklyn,submarket,128.0,86.0,61.0,78.0,58.5,60.0,71.0,83.0,84.0,48.0,65.5,77.0,100.0,82.0,61.0,61.0,66.5,64.5,84.0,68.0,115.5,67.0,103.5,101.0,123.0,91.5,60.5,54.0,43.0,64.5,58.5,51.5,65.0,40.5,66.0,72.0,93.0,53.0,34.0,33.5,28.0,34.0,36.5,42.0,41.0,34.0,44.0,47.0,54.0,35.5,28.0,29.0,30.0,32.0,36.0,48.0,42.0,34.0,40.0,53.5,51.5,36.0,38.0,29.0,30.0,35.0,39.0,38.5,67.0,31.0,41.0,51.0,82.0,47.0,38.0,32.0,35.0,40.5,44.0,55.0,63.0,35.0,36.0,51.0,74.5,37.0,37.0,34.0,32.0,64.0,69.5,48.0,90.0,42.0,47.0,73.0,105.0,31.0,32.0,36.0,33.0,47.5,61.5,62.0,65.0,44.0
Prospect Park South,Brooklyn,neighborhood,,,,,,,,,,,,,,,,,,,,,,,,,,,,,,,,,,,,,,,,,,,,,,,,,,,,,,,,,,,,,,,,,,,,,,,,,,,,,,,,,,,,,,,,,,,,,,,,,,,29.0,41.5,,,,,,
Queens,Queens,borough,100.5,90.0,146.0,73.0,94.0,90.0,158.0,93.0,110.0,143.5,270.0,151.0,251.5,143.0,126.0,73.0,111.0,84.0,102.0,80.0,114.0,94.0,115.0,117.0,168.0,112.0,90.0,93.0,67.5,73.0,100.5,88.0,102.0,98.0,105.0,88.0,83.0,104.0,69.5,56.0,74.5,73.5,84.0,68.0,85.0,80.0,77.0,67.0,86.5,78.0,62.0,50.0,55.0,53.0,62.0,70.0,73.5,68.0,51.0,81.0,76.0,76.0,57.0,55.0,55.0,50.0,52.5,58.0,63.0,57.0,64.0,63.0,75.0,67.0,56.0,46.0,44.0,52.0,59.0,62.0,51.0,52.0,61.0,61.0,74.0,76.0,56.0,55.0,57.0,50.0,61.0,56.0,72.0,77.0,76.0,77.0,78.5,68.0,52.0,47.5,59.0,54.0,60.0,61.5,72.0,80.5
Queens Village,Queens,neighborhood,,,,,,,,,,,,,,,,,,,,,,,,,,,,,,,,,,,,,,,,,,,,,,,,,,,,,,,,,,,,,,,,,,,,,,,,,,,,,,,,,,,,,,,,,,,,,,,,,,,,,,,,,,
Queensboro Hill,Queens,neighborhood,,,,,,,,,,,,,,,,,,,,,,,,,,,,,,,,,,,,,,,,,,,,,,,,,,,,,,,,,,,,,,,,,,,,,,,,,,,,,,,,,,,,,,,,,,,,,,,,,,,,,,,,,,
Red Hook,Brooklyn,neighborhood,,,,,,,,,,,,,,,,,,,,,,,,,,,,,,,,,,,,,,,,,,,,,,,,,,,,,,,,,,,,,,,,,,,,,,,,,,,,,,,,,,,,,,,,,,,,,,,,,,,,,1303.0,,,,,
Rego Park,Queens,neighborhood,,,,,,,,,,,,,,,,,,,,,,,,,,,,,,,,,,,,,,,,56.5,,,,51.0,,,,,,,,,54.0,,,,,,66.5,,,,58.5,29.0,,,26.5,71.0,,68.0,,,,,,,42.0,31.5,,86.0,90.0,43.0,119.0,,,69.5,,56.5,54.0,40.0,73.0,,72.0,57.0,62.0,69.0,,,51.5,72.0,,51.5,,97.0,56.0,53.0
Richmond Hill,Queens,neighborhood,,,,,,,,,,,,,,,,,,,,,,,,,,,,,,,,,,,,,,,,,,,,,,,,,,,,,,,,,,,,,,,,,,,,,,,,,,,,,,,,,,,,,,,,,,,,,,,,,,,,,,,,,,
Ridgewood,Queens,neighborhood,,,,,,,,,,,,,,,,,,,,,,,,,,,,,,,,,,,,,,,,,,,,,,,,,,,,,,,,,,,,,,,,,,,,,,,,,,,,,,,,,,,,,,,,,,,,,,,,,,,,,,,,,,
Riverdale,Bronx,neighborhood,,102.0,107.0,97.0,112.0,234.0,85.5,139.0,108.0,144.0,,135.5,132.5,,159.0,145.0,,135.5,78.0,84.0,,,176.5,,175.0,,139.0,149.0,195.0,126.0,145.0,111.5,119.5,169.5,,131.0,224.0,72.0,120.0,182.0,234.0,164.0,149.0,136.0,168.0,130.0,215.0,125.0,136.0,121.5,139.0,144.0,172.0,169.5,239.0,149.0,69.5,77.0,71.0,99.0,117.0,145.0,105.5,78.0,103.0,76.0,142.0,113.5,109.0,84.0,96.0,105.0,162.0,139.5,107.0,92.0,84.0,119.5,102.0,145.0,89.0,126.5,155.0,59.0,139.0,87.5,125.0,77.0,92.5,72.0,111.5,94.0,101.0,124.0,109.0,66.5,127.0,116.0,53.0,69.0,56.0,66.5,85.0,65.0,95.5,87.0
Rockaway All,Queens,neighborhood,,,,,,,,,,,,,,,,,,,,,,,,,,,,,,,,,,,,,,,,,,,,,,,,,,,,,,,,,,,,,,,,,,,,,,,,,,,,,,,66.5,,,,,,,,128.5,,67.0,64.0,,,66.0,,90.0,,,,48.0,,,48.0,,,,74.0
Roosevelt Island,Manhattan,neighborhood,,,,,,,,,,,,,,,,,,,,,,,,,,,,,,,,,,,,,,,,,,,,,,,,,,,,,,,,,,,,,,,,,,,42.0,,,,,,,,,,,,,,,,,,,,,,,,,,,,,,,,,,,,,,,
Rosedale,Queens,neighborhood,,,,,,,,,,,,,,,,,,,,,,,,,,,,,,,,,,,,,,,,,,,,,,,,,,,,,,,,,,,,,,,,,,,,,,,,,,,,,,,,,,,,,,,,,,,,,,,,,,,,,,,,,,
Schuylerville,Bronx,neighborhood,,,,,,,,,,,,,,,,,,,,,,,,,,,,,,,,,,,,,,,,,,,,,,,,,,,,,,,,,,,,,,,,,,,,,,,,,,,,,,,,,,,,,,,,,,,,,,,,,,,,,,,,,,
Seagate,Brooklyn,neighborhood,,,,,,,,,,,,,,,,,,,,,,,,,,,,,,,,,,,,,,,,,,,,,,,,,,,,,,,,,,,,,,,,,,,,,,,,,,,,,,,,,,,,,,,,,,,,,,,,,,,,,,,,,,
Sheepshead Bay,Brooklyn,neighborhood,,,,,,,,,,,,,,,,,,,,,,,,,,,,,,,,,,,,,,,,,,,,,,,,,,,,,,,,,,,,,,,,,,,,,,,,53.5,,,40.0,34.0,34.5,58.5,66.0,63.5,68.0,59.0,69.0,79.0,81.0,,51.0,127.0,77.5,44.0,81.0,89.0,56.0,61.0,58.0,87.0,73.0,95.0,79.5,100.0,99.0,54.0,70.5,67.0,80.5,77.0
Soho,Manhattan,neighborhood,133.0,,,69.0,87.0,133.0,57.5,,,137.5,73.0,40.0,,134.0,126.0,82.5,103.0,223.0,99.5,158.0,113.5,171.0,,156.0,99.0,259.5,59.0,,108.0,36.0,74.0,94.5,72.0,139.0,,85.5,130.0,96.0,56.0,88.0,32.0,38.0,69.0,65.0,,43.0,36.5,67.0,,79.0,98.0,42.0,63.0,79.0,49.0,69.0,,64.5,,109.5,,65.0,90.0,138.0,35.0,53.0,75.0,56.0,,38.0,,,,68.5,42.0,63.0,65.5,44.0,,,124.5,261.0,71.0,97.5,222.0,51.0,36.0,73.0,53.0,103.5,159.0,,134.0,85.0,137.0,214.0,,,182.0,99.0,50.0,63.0,146.0,104.0,,51.5
Soundview,Bronx,neighborhood,,,,,,,,,,,,,,,,,,,,,,,,,,,,,,,,,,,,,,,,,,,,,,,,,,,,,,,,,,,,,,,,,,,,,,,,,,,,,,,,,,,,,,,,,,,,,,,,,,,,,,,,,,
South Brooklyn,Brooklyn,submarket,98.0,125.0,118.0,124.0,55.5,102.5,94.0,117.0,68.0,97.0,103.0,84.0,181.0,140.0,154.0,178.5,72.5,108.0,113.0,114.0,110.0,93.0,113.5,102.5,110.0,189.0,86.0,93.0,102.0,111.0,103.5,135.0,85.0,119.0,70.5,111.0,101.0,124.5,106.0,68.0,49.5,59.0,66.0,70.0,74.0,71.0,56.5,72.0,118.5,64.0,60.0,43.0,56.0,50.0,72.0,70.0,56.0,54.0,62.0,59.0,94.0,72.5,49.0,42.0,47.0,46.0,52.0,64.0,83.0,48.0,53.0,67.5,84.0,56.5,49.5,46.5,41.5,56.5,55.0,60.0,73.0,57.0,60.0,63.0,81.0,88.0,57.0,71.5,51.0,59.0,76.0,68.0,65.0,70.0,60.0,86.0,81.0,80.0,63.0,71.0,75.0,62.0,77.0,67.0,85.5,77.0
South Jamaica,Queens,neighborhood,,,,,,,,,,,,,,,,,,,,,,,,,,,,,,,,,,,,,,,,,,,,,,,,,,,,,,,,,,,,,,,,,,,,,,,,,,,,,,,,,,,,,,,59.5,,,,,48.5,,,,,,,,,,,,,,
South Ozone Park,Queens,neighborhood,,,,,,,,,,,,,,,,,,,,,,,,,,,,,,,,,,,,,,,,,,,,,,,,,,,,,,,,,,,,,,,,,,,,,,,,,,,,,,,,,,,,,,,,,,,,,,,,,,,,,,,,,,
South Queens,Queens,submarket,,,,,,,,,,,,,,,,,,,,,,,,,,,,,,,,,,,,,,,,,,,,,,,,,,,,,,,,,,,,90.0,,88.0,75.0,73.0,56.5,61.0,,75.0,66.0,60.0,70.0,56.0,,99.5,46.0,58.0,45.0,55.0,67.0,54.0,43.0,70.0,57.5,78.0,49.0,63.5,61.0,60.0,84.0,49.0,47.0,53.0,70.0,60.0,83.0,75.0,83.0,48.0,45.0,41.5,55.5,52.0,52.0,50.5,56.0,62.0
South Richmond Hill,Queens,neighborhood,,,,,,,,,,,,,,,,,,,,,,,,,,,,,,,,,,,,,,,,,,,,,,,,,,,,,,,,,,,,,,,,,,,,,,,,,,,,,,,,,,,,,,,,,,,,,,,,,,,,,,,,,,
Springfield Gardens,Queens,neighborhood,,,,,,,,,,,,,,,,,,,,,,,,,,,,,,,,,,,,,,,,,,,,,,,,,,,,,,,,,,,,,,,,,,,,,,,,,,,,,,,,,,,,,,,,,,,,,,,,,,,,,,,,,,
St. Albans,Queens,neighborhood,,,,,,,,,,,,,,,,,,,,,,,,,,,,,,,,,,,,,,,,,,,,,,,,,,,,,,,,,,,,,,,,,,,,,,,,,,,,,,,,,,,,,,,,,,,,,,,,,,,,,,,,,,
Staten Island,Staten Island,borough,,,,,,,,,,,,,,,,,,,,,,,,,,,,,,,,,,,,,,,,,,,,,,,,,,,,,,,65.0,,,,,,,,,,122.5,,,,76.0,,,,,,,,,,55.5,,,58.5,,111.0,,,49.0,50.0,43.0,42.0,58.0,41.0,52.0,77.0,66.5,101.5,90.0,73.0,107.0,54.5,60.0,76.0,91.0,57.0,89.0,69.0
Stuyvesant Town/PCV,Manhattan,neighborhood,,,,,,,,,,,,,,,,,,,,,,,,,,,,,,,,,,,,,,,,,,,,,,,,,,,,,,,,,,,,,,,,,,,,,,,,,,,,,,,,,,,,,,,,,,,,,,,,,,,,,,,,,,
Sunnyside,Queens,neighborhood,,,,,,,,,,,,,,,,,,,,,,,,,,,,,,,,,,,,,,,,,,,,,,,,,,,,,,,,,,,,,,,,,,,,,,,,,,,,,,,,,,,,,,,,,,,,,,82.5,61.5,,,,,,43.0,67.5,,,,
Sunset Park,Brooklyn,neighborhood,,,,,,,,,,,,,,,,,,,,,,,,,,,,,,,,,,,,,,,,,,,,,,,,,,,,,,,,,,,,,,,,,,,,,,,,,,,,,,,,,,,,,,,,,,,,,,,,,,,55.0,,,,,,,
The Rockaways,Queens,submarket,,,,,,,,,,,,,,,,,,,,,,,,,,,,,,,,,,,,,,,,,,,,,,,,,,,,,,,,,,,,,,,,,,,,,,,,,,,,,,,66.5,,,,,,,,128.5,,67.0,64.0,,,66.0,,90.0,,,,48.0,,,48.0,,,,74.0
Throgs Neck,Bronx,neighborhood,,,,,,,,,,,,,,,,,,,,,,,,,,,,,,,,,,,,,,,,,,,,,,,,,,,,,,,,,,,,,,,,,,,,,,,,,,,,,,,,,,,,,,,,,,,,,,,,,,,,,,,,,,
Tremont,Bronx,neighborhood,,,,,,,,,,,,,,,,,,,,,,,,,,,,,,,,,,,,,,,,,,,,,,,,,,,,,,,,,,,,,,,,,,,,,,,,,,,,,,,,,,,,,,,,,,,,,,,,,,,,,,,,,,
Tribeca,Manhattan,neighborhood,199.0,200.0,155.0,78.0,111.0,92.0,91.0,99.0,173.0,141.0,59.0,124.5,72.0,147.0,54.0,38.0,62.5,80.0,80.0,77.0,,189.0,47.0,87.0,127.0,120.0,126.0,118.5,68.0,59.0,122.5,77.0,103.0,67.0,193.5,66.5,109.0,74.0,25.5,33.5,34.0,62.0,41.5,71.0,110.0,89.5,38.0,102.0,84.5,83.0,55.5,47.0,44.0,32.5,21.0,36.0,63.0,39.0,49.5,59.0,61.0,95.0,47.0,30.0,55.5,58.5,77.0,67.0,,50.5,77.0,100.0,,149.0,37.0,91.0,82.0,130.5,76.0,111.0,111.0,139.0,171.0,87.0,116.0,95.0,146.0,84.5,76.0,77.0,152.5,117.5,164.0,145.0,71.0,49.0,112.5,127.0,77.0,189.0,69.0,111.5,67.0,178.0,126.0,122.0
University Heights,Bronx,neighborhood,,,,,,,,,,,,,,,,,,,,,,,,,,,,,,,,,,,,,,,,,,,,,,,,,,,,,,,,,,,,,,,,,,,,,,,,,,,,,,,,,,,,,,,,,,,,,,,,,,,,,,,,,,
Upper East Side,Manhattan,neighborhood,105.5,120.5,111.0,74.0,89.0,87.0,114.0,101.5,117.0,121.5,99.0,109.0,122.0,125.0,135.5,107.0,98.0,100.0,106.5,109.5,117.0,109.0,125.0,116.0,129.0,122.0,111.0,99.5,97.5,88.0,122.0,115.5,96.5,87.0,94.0,90.0,94.0,85.0,55.0,56.5,63.0,72.0,68.0,61.0,63.0,51.0,58.0,58.5,87.0,68.0,48.0,43.0,51.5,57.0,65.0,68.5,81.0,54.0,48.5,64.5,97.0,73.0,47.5,45.5,42.0,49.0,58.0,62.0,77.0,56.0,46.0,75.5,88.0,77.0,51.0,43.0,51.0,53.0,66.0,71.5,67.0,59.0,60.5,71.0,102.0,70.0,72.5,59.5,49.0,73.5,85.5,81.0,87.0,74.0,64.0,93.0,107.0,97.5,57.5,64.0,63.0,71.0,94.5,104.0,117.0,109.5
Upper West Side,Manhattan,neighborhood,77.0,84.0,63.0,64.0,64.0,76.0,82.5,91.0,94.5,89.0,61.5,85.5,107.5,101.0,70.0,62.0,77.0,85.0,91.0,101.5,114.5,91.0,71.0,105.0,107.5,107.0,67.0,67.0,67.0,71.0,77.0,67.5,110.0,52.0,69.0,64.0,74.0,43.0,40.5,37.5,40.0,43.0,49.0,54.0,61.0,37.0,54.0,58.5,68.5,32.5,34.0,35.0,40.5,43.5,52.5,55.0,69.0,36.0,52.0,62.0,62.0,43.5,38.0,34.0,31.0,47.0,41.0,54.0,51.5,36.0,46.0,60.0,84.0,49.5,49.0,38.0,38.0,50.0,52.0,68.0,69.0,48.0,57.0,75.0,86.0,62.0,47.0,49.0,43.0,56.0,67.0,79.5,105.0,66.0,60.0,89.5,92.0,84.5,57.0,48.0,51.0,63.0,69.0,108.5,125.0,81.0
Utopia,Queens,neighborhood,,,,,,,,,,,,,,,,,,,,,,,,,,,,,,,,,,,,,,,,,,,,,,,,,,,,,,,,,,,,,,,,,,,,,,,,,,,,,,,,,,,,,,,,,,,,,,,,,,,,,,,,,,
Van Nest,Bronx,neighborhood,,,,,,,,,,,,,,,,,,,,,,,,,,,,,,,,,,,,,,,,,,,,,,,,,,,,,,,,,,,,,,,,,,,,,,,,,,,,,,,,,,,,,,,,,,,,,,,,,,,,,,,,,,
Wakefield,Bronx,neighborhood,,,,,,,,,,,,,,,,,,,,,,,,,,,,,,,,,,,,,,,,,,,,,,,,,,,,,,,,,,,,,,,,,,,,,,,,,,,,,,,,,,,,,,,,,,,,,,,,,,,,,,,,,,
Washington Heights,Manhattan,neighborhood,,133.0,139.0,204.0,109.0,,125.0,155.5,128.5,96.5,92.0,,,,164.0,,184.0,280.0,,42.5,,175.0,149.0,,,180.0,70.0,181.5,68.5,86.5,136.0,,140.0,109.0,71.0,101.0,123.5,122.5,152.5,39.0,65.5,77.0,90.0,60.0,71.0,107.0,48.0,90.0,69.0,49.0,39.5,51.5,40.0,45.0,76.5,63.0,47.0,51.5,53.5,41.0,65.0,47.0,47.5,32.0,40.0,57.0,49.0,44.0,37.0,53.0,37.0,61.0,65.5,68.0,30.0,29.0,46.0,76.0,46.0,58.0,52.0,51.0,123.0,50.0,39.0,42.0,44.0,49.0,56.0,47.0,86.0,73.5,63.0,46.0,69.5,78.0,107.0,116.0,70.0,50.0,34.0,64.0,56.0,75.0,,75.0
West Harlem,Manhattan,neighborhood,,,,,,,,,,,,,,,,,,,,,,,,,,,,,,,,,,,,,,,,,,,,,,,,,,,,,,,,,,,,,,,,,,,,,,,,,,,,,,,,,,,,,,,,,,,,,,,,,,,,,,,,,,200.0
West Village,Manhattan,neighborhood,119.0,103.0,66.5,73.0,51.0,83.0,75.5,112.5,60.0,105.5,66.0,85.0,120.5,121.5,91.0,70.0,66.0,44.0,69.0,99.0,76.0,41.0,72.0,81.0,68.0,103.5,62.0,68.0,41.0,56.5,63.0,65.0,50.0,39.0,47.0,76.0,,60.0,29.0,33.0,46.5,35.0,54.0,70.5,88.5,93.0,34.0,85.0,113.5,27.0,28.0,29.0,39.0,42.0,42.5,46.0,49.5,43.0,60.0,53.5,69.0,40.5,41.0,38.0,36.0,49.5,49.5,34.0,47.0,30.5,49.0,63.0,73.0,35.0,57.5,50.0,43.0,42.5,72.0,76.5,54.0,40.0,50.0,85.5,77.0,136.0,47.0,33.5,48.0,65.0,62.0,97.0,98.0,43.0,143.5,89.0,106.0,95.0,65.5,82.5,33.0,49.0,65.0,88.5,106.0,85.0
Westchester Village,Bronx,neighborhood,,,,,,,,,,,,,,,,,,,,,,,,,,,,,,,,,,,,,,,,,,,,,,,,,,,,,,,,,,,,,,,,,,,,,,,,,,,,,,,,,,,,,,,,,,,,,,,,,,,,,,,,,,
Whitestone,Queens,neighborhood,,,,,,,,,,,,,,,,,,,,,,,,,,,,,,,,,,,,,,,,,,,,,,,,,,,,,,,,,,,,,,,,,,,,,,,,,,,,,,,,,,,,,,,,,,,,,,,,,,,,,40.0,,,,,
Williamsbridge,Bronx,neighborhood,,,,,,,,,,,,,,,,,,,,,,,,,,,,,,,,,,,,,,,,,,,,,,,,,,,,,,,,,,,,,,,,,,,,,,,,,,,,,,,,,,,,,,,,,,,,,,,,,,,,,,,,,,
Williamsburg,Brooklyn,neighborhood,72.0,98.0,117.0,125.0,83.0,101.5,46.0,97.0,181.5,91.0,109.0,117.5,145.0,144.0,139.5,107.0,121.0,71.0,70.0,118.0,167.0,32.0,84.0,97.0,87.0,133.5,71.0,64.0,48.0,54.0,27.5,63.0,60.0,45.5,57.0,33.0,48.5,34.0,28.0,28.0,30.0,35.5,32.0,27.5,42.0,39.0,48.5,69.0,111.0,28.5,32.0,36.5,33.0,40.0,69.0,43.0,32.5,35.0,51.5,56.5,71.0,70.5,45.0,40.0,35.5,33.0,50.0,41.0,44.0,34.0,49.0,64.5,109.0,29.0,40.5,48.0,50.0,76.0,62.0,91.5,104.5,86.0,97.5,96.0,117.0,94.5,65.0,60.5,78.0,73.0,110.0,90.0,97.0,96.0,68.0,125.5,98.0,83.0,51.0,65.0,47.0,72.0,41.0,72.0,88.0,84.0
Windsor Terrace,Brooklyn,neighborhood,,,,,,64.0,,,,,,,,,,49.0,,67.0,,,,,,,,,,,,140.5,,,,,,,,,,,47.5,,,,,44.0,,,,,,,32.0,31.5,,31.5,,,,,,,39.0,,37.0,,,,,,,47.0,,,,,,,,60.5,,,,,,,,,28.0,32.0,60.0,,,36.0,53.0,73.0,104.0,,,,44.0,36.0,,,,94.0
Woodhaven,Queens,neighborhood,,,,,,,,,,,,,,,,,,,,,,,,,,,,,,,,,,,,,,,,,,,,,,,,,,,,,,,,,,,,,,,,,,,,,,,,,,,,,,,,,,,,,,,,,,,,,,,,,,,,,,,,,,
Woodlawn,Bronx,neighborhood,,,,,,,,,,,,,,,,,,,,,,,,,,,,,,,,,,,,,,,,,,,,,,,,,,,,,,,,,,,,,,,,,,,,,,,,,,,,,,,,,,,,,,,,,,,,,,,,,,,,,,,,,,
Woodside,Queens,neighborhood,,,,,,,,,,,,,,,,,,,,,,,,,,,,,,,,,,,,,,,,,,,,,,,,,,,,,,,,,,,,,,,,,,,,,,,,,,,,,,,,,,,,,,,,,,,,67.5,,,,,,,,45.5,49.0,,,70.0,105.0,
Woodstock,Bronx,neighborhood,,,,,,,,,,,,,,,,,,,,,,,,,,,,,,,,,,,,,,,,,,,,,,,,,,,,,,,,,,,,,,,,,,,,,,,,,,,,,,,,,,,,,,,,,,,,,,,,,,,,,,,,,,
